text	label
शिक्षा क्या है?	0
किसी भी कार्य को सीख लेने की क्रिया को शिक्षा कहा जा सकता है।	0
ये केवल किताबी ज्ञान अर्जन तक ही सिमित नहीं है।	1
यह कई विभागों में बांटा जा सकता है।	0
जैसे - व्यावहारिक शिक्षा, किताबी शिक्षा अथवा अध्यामित्क शिक्षा	1
किताबी शिक्षा- ये वो ज्ञान होता है जो हम किताबों  के माध्यम से अर्जित करते हैं।	0
पहले  विद्यालय की जगह लोग गुरुकुल में पढ़ा करते थे।	0
वहाँ  अचार्य होते थे शिक्षक के स्थान पे।	1
व्यावहारिक शिक्षा- ये वो ज्ञान है जो शिशु से लेकर वृद्धावस्था तक हमारे साथ रहता है।	0
ये शिक्षा आप जीवन भर अर्जित करते है।	0
शिशु‌काल में माता- पिता से, बाल्यावस्था  में दोस्त और शिक्षकों से तथा युवावस्था से लेकर वृद्धावस्था तक जीवन और समय से।	0
कहते है जीवन सबसे बड़ा शिक्षक है, ये सब सीखा देता है।	1
ये सबसे आवश्यक शिक्षा होती है जो मनुष्यों के पास होनी ही चाहिए ।	1
इसमें उन्हें कब कौन सी क्रिया करनी चाहिए और किसी क्रिया की क्या प्रतिक्रिया होनी चाहिए सिखाया जाता है।	0
अध्यात्मिक शिक्षा - अध्यात्मिक शिक्षा मे ईश्वर और उनसे जुड़ने की विधि सिखायी जाती है।	1
आज-कल लोग अध्यात्म की तरफ जाते कम दिखायी दे रहे।	0
सतयुग, द्वापरयुग में स्वयं भगवान के अवतरण को हमारे वेदो-पुराणों ने बताया है।	0
ईश्वर का होना न होना तो मानने वाले पे निर्भर करता है।	1
vh हो ये ना हो पर उनका जाप करने और स्मरण करने मात्र से शांति का अनुभव होता है।	1
आज भी कुछ लोग जैसे परमानंद, ओशो इत्यादि अध्यात्म की दुनिया में देखे जाते हैं।	0
शिक्षा का महत्व जानने के लिए उसका इतिहास जानना आवश्यक है।	0
अगर इस बिंदु पे सोचा जाए तो भी कोई एक समयकाल को शिक्षा का जन्म नहीं कहा जा सकता।	1
धरती पे मनुष्य काफी सालों से है।	1
आदिमानव भी सीखते सीखते ही इस बिंदु तक पहुंचने की, इंसान जैसे दिखने वाले रोबोट का आविश्कार किया।	1
मनुष्य हर एक पड़ाव से सिखता  है।	1
कहते है शिक्षा को इतिहास में सबसे ज्यादा महत्व वैदिककाल में दिया गया था।	1
वो काल ना सिर्फ पुरुषों बल्कि महिलाओं की शिक्षित करने पर जोर देता था।	1
उस समय एसे वेद पुराण लिखे गए, जो आज भी ज्ञान का श्रोत है।	1
जैसे-जैसे समय बिता गुरुकुल बनने लगे और बच्चे अपने माता- पिता से दुर रहकर शिक्षा ग्रहण करने लगे। शिक्षा के क्षेत्र में यह बहुत बड़ा योगदान था।	1
कई महान पुरुष जैसे चरक ने चिकित्सा के क्षेत्र में, आर्यभट्ट ने गणित के क्षेत्र में, और कितने ही महान पुरुषों ने अलग-अलग क्षेत्रो में काम किया।	1
ये तो बात हुई ऐतिहासिक काल की, परंतु मध्यकाल की बात की जाए तो बहुत कम लोग होंगे जिनको ठीक से पढ़ना - लिखना आता था।	1
बाकि लोग बोलना जानते थे इसलिए एक-दुसरे की बात समझ लेते थे।	1
परंतु जब दुर कहीं अपनी बात पहुचानी होती तो चिठिठिया लिखने और पढ़ने के लिए ऐसे लोगो को खोजा जाता जो शिक्षित हो।	1
कई सालों तक पुर्तगालियों, मुगलों और फिरंगीयों ने हम सब पर शासन किया।	1
वे इस घटना में सफल भी इसिलिए हो पाए क्योंकि हमारी आधी से अधिक जनता अशिक्षित थी।	1
यही कारन है कि फुट डालों और शासन करों की निति एक बेहतर हथियार साबित हुई।	1
इसी काल में बुद््ध  और महावीर जैसे महान पुरुष हुए जिन्होनें ना सिर्फ ज्ञान प्राप्त किया, परंतु दूसरों तक भी इसे पहुंचाया।	1
आज बुद््ध और जैन धर्म को लोग भारत में ही नहीं विदेशो में भी अपनाते है।	1
बात करे आधुनिक काल की तो शिक्षा के क्षेत्र में सबसे ज्यादा बदलाव अभी ही हुए है।	1
शिक्षा केवल बड़े लोगों तक ही नहीं छोटे-गरीब लोगों, विशेषकर महिलाओं तक पहुंचा।	1
कई सरकारी और प्राइवेट स्कूल बनाए गए।	0
स्त्री शिक्षा को बढ़ावा देने के लिए समय-समय पर नियम भी बनाए जाते है।	0
है 'बेटी पढ़ाओं बेटी बचाओ' उनमे से ही एक है।	0
शिक्षा ग्रहण करना अब उम्र का मोहताज नहीं है।	1
आज कल वृद्धों के लिए महिलाओं के लिए भी स्कुल चलाए जाते हैं।	1
इससे शिक्षण रेट में काफी सुधार हुई है।	1
शिक्षा के महत्व अनगिणत है।	1
यह इंसान को धनी बना देती है ना सिर्फ धन के मामले में अपितु ज्ञान के मामले में।	1
हम सुनते हैं कि ग्लेशियर पिघलने से जलस्तर में बढ़ोतरी हुई है और हमारे पीने का पानी जो की भूतल से आता है इसमें गिरावट हुई है।	1
जैसे-जैसे वायुमंडल का तापमान बढ़ेगा वैसे ही ग्लेशियर का बर्फ भी पिघलेगा।	0
जिसके कारण पानी का स्तर बढ़ेगा  और आस -पास वाले स्थान जलमग्न हो जायेंगे।	0
इससे प्राकृतिक आपदा भी बढ़ सकती है।	0
ज्यादातर कुड़ा-कचड़ा हम नालों में  फेकते है, और वो नाला अंतत: जाकर किसी नदी तालाव या बड़े जलाशय में मिलता है।	1
इसके कारण इसका जल प्रदूषित हो जाता है और जल में रहने वाले जीवों को परेशानी का सामना करना पड़ता है।	0
जैसे दिल्ली के पास से गुजरने वाली ब्रह्मपुत्र नदी का पानी इतना गंदा हो चुका है कि उसे साफ करना एक बड़ा चैलेंज होता जा रहा है।	0
ऐसे में आस-पास वाले शहर जो नदी के किनारे पर स्थित है।	0
उन जगहों पर  बहुत सारी बिमारियाँ भी फैल सकती है। और उनके स्वास्थ को  खराब कर सकती है।	1
शहरीकरण और ग्लोबलाईजेशन से इतने अधिक मात्रा में वन की कटाई हुई है कि जो जन्तु वन में रहने वाले है उनको काफी दिक्कत का सामना करना पड़ा है।	1
सरकार इतने ज्यादा पेड़ लगाओ अभियान चला रही है फिर हम देखते है कि पेड़ काटने का सिलसिला जारी है।	0
अभी कुछ दिन पह‌ले सामाचार में हम सुन रहे थे कि कहीं तो साउथ में पुरा जंगल रातो रात साफ कर दिया गया और सारे पशुपक्षि ऐसे ही बिखर गए।	1
अगर हम अपने फायदे के लिए ऐसा ही करते रहें तो हमें हमारे विनाश  से कोई नहीं रोक सकता।	1
आज लोग आनुधीकीकरण में लगे हुए है, लेकिन उन्हें इसके साथ-साथ अपने पर्यावरण की भी रक्षा करनी चाहिए ।क्योंकि यह ऐसा ही चलता रहा और पर्यावरण पर होने वाले प्रभावों को नजरअंदाज करते रहे तो ऐसा समय आने में देर नहीं जब हमें विनाश से कोई नहीं बचा पाएगा।	1
मनुष्य जीवन आज स्वयँम ही सोशल मीडिया हो गया है, मनुष्य सोशल मीडिया में इतना लुप्त हो गया है कि वह अपने शारीरीक,मानसिक और आर्थिक परिस्थतियों का भी ध्यान नहीं दे पा रहा है वैसे तो सोशल मीडिया को दो पहलू या कह लो आईने के दो रूप हैं  एक अच्छाई और दूसरा बुराई, आज मनुष्य सोशल मिडिया का उपयोग करके अपने व्यवसाय को निरंतर प्रगति पथ पर ले जा रहा हैं  और सफलता की ऊचाईयों को छू रहा हैं , वह अपने व्यवसाय को दुर दराज बैठे लोगों तक पहुंचाने में समर्थ हो रहा है, जहाँ उसके व्यवसाय की जानकारी लोग घर बैठे पा रहे हैं, और लाभ उठा रहे हैं।	1
सोशल मिडिया से लोगो में बड़ा बदलाव नजर आने लगा हैं ।	1
इसके माध्यम से लोग अपनी छवि, अपनी पहचान बना रहे हैं।	1
सोशल मिडिया एक दृष्टिरहित संचार का माध्यम है जिसके जरिए लोग अपनो को जान पहचान रहे है, अपनी बातें साझा कर रहे हैं, लोगों के दु:ख सुख में सहभागी हो रहे है।	1
अपनी तर्क, अपनी बाते, अपने सुझाव लोगों तक पहुंचाने में समर्थ हो रहे हैं।	1
सोशल मिडिया के माध्यम से लोग अपने सपने को साकार, पुरा कर पा रहे हैं।	1
सोशल मिडिया के माध्यम से लोग अपने कला, साहित्य, अपना परिचय, अपनी रचना विश्व में और देश के विभिन्न लोगो तक पहुंचा पा रहे हैं। जिनके कारण उनके कला को दिशा मिल पा रही है वो प्रगति के पथ पर निरंतर बढ़े जा रहे हैं।	1
सोशल मिडिया के माध्यम से व्यवसाय, और नौकरियों में भी वृदधी (तेजी) आयी है।	1
सोशल मिडिया का दुसरा रूप भी है जो मनुष्य की शारीरिक और आर्थिक रूप को दुर्बल बना रहा है कुछ साल पहले सब सोशल मीडिया का इतना प्रभाव नहीं हुआ करता था तब मनुष्य अपने दिचर्या की सामग्री खरीदने के लिए वह बाजार या मार्केट जाया करता था जिससे उसकी शरिरीक क्रिया हुआ करती थी आज सोशल मिडिया के कारण वह घर बैठे आन लाईन पाचिती (माध्यम) से अपनी जरुरत की चीजों को मंगा पा रहा हैं।	1
जिसके कारण मनुष्य अपनी शारीरीक सेहत बिगाड़ रहा है।	1
सोशल मिडिया आज के दौर में हर संभाग में पारित (फैल) गया है चाहे वो सामाजिक जिवन क्षेत्र, शिक्षा क्षेत्र, मनोरंजन क्षेत्र, स्वास्थ और चिकित्सा क्षेत्र, औधोगिक क्षेत्र, संगनक विज्ञान और अभियांत्रीकी क्षेत्र, प्रोदधीक प्रौद्योगिक क्षेत्र (technology), चल चित्र जगत क्षेत्र, मेहमाननवाजी  क्षेत्र, रक्षा क्षेत्र आदि	1
सोशलमिडीया के माध्यम से मनुष्य आज घर बैठे शिक्षा online माध्यम से ले पा रहा है। 	1
जिससे उसके समय की बचत हो पा रही हैं।	1
सोशल मिडिया से संचार क्षेत्र में महत्वपूर्ण लाभ हुआ है जिससे लोग अपनों से जुड़ पा रहे हैं ।	1
सोशल मिडिया के माध्यम से देश में हो रही विभिन्न घटनाओं पर समाचार मिल पा रही हैं ।	1
विदेश की घटनाओं की महत्वपूर्ण जानकारी सोशल मिडिया के माध्यम से मिल पा रही है।	1
सोशल मिडिया के माध्यम से देश-विदेश की विश्वविद्यालयों मे हो रहे शोध, अनुसंधान की जानकारी हम घर बैठे ले पा रहे हैं ।	1
सोशल मीडिया के माध्यम से हम साहित्य की समीक्षा कर पा रहे हैं	1
सोशल मीडिया के माध्यम से हम अपने साथी शोधकर्ता से अपनी समस्याओं पर चर्चा कर पा रहे हैं।	0
उसका निष्कर्ष लेने में हम समर्थ हो पा रहे हैं ।	0
सोशल मिडिया शोधकर्ताओं के लिए एक लाभदायक और उपयोगी स्थान है जहां वो अपने विचारों को लोगो से साझा कर सकते हैं ।	1
देश विदेश में हो रहे शोधों पर पत्रिका के माध्यम से जानकारी प्राप्त कर पा रहे हैं।	0
मुझे यह खुशी हो रही हैं कि सोशल मिडिया के माध्यम से मनुष्य की जीवन शैली में बड़ा बदलाव आया है जिससे वो अपने जीवन में सकारात्मक निर्णय लेने की परिस्थित में आ पा रहे हैं।	1
मनुष्य के व्यवसाय और जीवन शैली को नई दिशा मिल रही हैं।	1
सोशल मिडिया का दूसरा पहलू कभी-कभी दर्दनाक शर्मशार और भयानक भी हो सकता है, जिससे हमारे समाज पर प्रभाव पड़ता है 	1
सोशल मिडिया हमें  वो भी दिखाता है जिसे हम न चाहकर भी देखना चाहते हैं, जैसे महिलाओं पर हो रहे अत्याचार, आए दिन बलात्कर समाज को बदनाम कर रही हैं।	1
जिसके लिए प्रशासन जिम्मेदार है जो प्रभावशाली निर्णय नहीं ले पाते।	1
सोशल मिडिया बच्चों को भी नष्ट कर रहा है, जिसके कारण उनकी शिक्षा पर प्रभाव पड रहा है।	1
आधिकतर समय बच्चे मनोरंजन मे व्यस्त रहते है, जिसके कारण उनका भविष्य अंधेरे की ओर बढ़ने लगता हैं ।	1
सोशलमिडिया के दो रुप- (एक) साकारत्मक (दो) नाकारत्मक	1
साकारत्मक- 1-शिक्षा 2-मनोरंजन 3-कौशल विकास 4-शोध, अनुसंधान 5-जिवन कला 6-आचारवीचार प्रदान करना 6-सुझाव 7-साहित्य 8-देशविदेश की जानकारी 9-खरीददारी 10 मेहमाननवाजी	1
नाकारत्मक- 1-महिलाओ पे अत्याचार 2-आसमाजिक कार्य में लुप्त लोग उदाहरण- सोशल मिडिया फेसबुक इस्टाग्राम ट्वीटर युटयूब वाटसअप  टिक टाँक	1
1- कक्षा में विभिन्न राज्यों से आए विदयार्थीयो  से मुलाकात	1
2- कक्षा में विषय पर चर्चा	1
3- शिक्षको से मुलाकात और पढाई पर उनसे चर्चा	1
4- शिक्षको से अधयन  करने के विकल्प पर चर्चा	1
5- वि‌द्यार्थीयो के साथ महाविद्यालय के पुस्तकालय में पढ़ाई पर चर्चा एंवम वाद विवाद	1
6- शिक्षको के शोध के विषय पर चर्चा और पत्रिका की खोज	1
7- महाविद्यालय के विभीन्न योजनाओं की जानकारी के विदयार्थीयो के हित में जैसे खेल कुद, विज्ञान में रुची रखने वाले छात्र-छात्राये, इत्यादी।	1
8- महाविद्यालय में अपने विभाग के कर्मचारीयों से मुलाकात और पाठयक्रम कि नियमावली की जानकारी कर्मचारीयों सें।	1
9- महाविद्यालय में अल्पोआहार की व्यवस्था और निर्धारीत समय की जानकारी।	1
विज्ञान जगत में, जब किसी भी चीज कि मात्रा, एक दिए गए मात्रा से अधिक हो जाती तो उसे प्रदूषण कहते हैं ।	1
हमारा पर्यावरण में, पानी, हवा, जमीन से बना हुआ हैं।	1
आज कल ये देखा जा रहा है कि, इन सभी प्रकार में किसी ना किसी कारण कोई प्रदुषण हो रहा हैं।	1
इस प्रदुषण के कारण, इस पर्यावरण रहने वाले, जिव-जन्तु प्रभावित हो रहे हैं।	1
इस प्रदूषण के बहुत कारण हैं।	0
इसे ठिक करने के लिए, पहले लोगे को समझना होगा कि ये प्रदुषण हो क्यों रहा हैं।	1
पानी प्रदूषण जल प्रदूषण- पुरे दुनिया 70% पानी से भारा हैं।	1
इसमे मात्र 3% पानी पीने योग्य है।	1
पीने योग्य पानी का  त्रोत, नदी, तालाब एंव भीतरी स्तह में सस्थित पानी है।	1
इन्सान द्वारा जल्दी-जल्दी अपने आप को बनाने के कारण सब ने बहुत ज्यादा पानी उपयोग किया है।	0
इस कारण सभी त्रोत में पानी कि कमी हुई  हैं ।	1
इस कमी के कारण पानी कई तरह से प्रदू‌षित होते हैं 	1
जैसे कि, जब नदी तालाब में पानी कम रहती अकसर ये देखा जाता कि,  पानी से जुई मिटटी को रासायन पदार्थ छोड़ने  लगते और वो रासायन पदार्थ पानी को प्रदूषित करते।	1
उदाहरण के लिए, फ्लोराइड, आर्सनिक, उरेनियमा,नाइटरेट, जैसे रासायन पानी को पीने योग्य नहीं छोड़ते। इसके कारण ये पानी किसी भी उपयोग के लिए नहीं रहता।	1
यो प्रदूषण, प्राकृतिक प्रदूषण हैं।	1
इंसान के छोड़-छाड़ के कारण भी पानी बहुत प्रदूषित हैं।	1
सबसे बड़ा कारण है, मल-जल (waste water) यह जल लोगों के घर से, संस्था से, अस्पताल से निकलता है।	1
नियम अनुसार ये जल एक स्थान पे साफ होना चाहिए, फिर इसे, नदी या तलाब या जमीन पे छोड़ना चाहिए ।	1
बहुत ज्यादा मल-जल के कारण ये देखा गया है कि यह पानी ऐसे हि नदी में छोड़ दिया जाता ।	1
उदाहरण के लिए गंगा नदी, 	1
एक समय था,जब गंगा का पानी शुद्ध, सभी उपयोग के लिए उचित था। लेकिन वर्तमान, कई गतिविधिया के कारण, यह पानी बिल्कुल भी उपयोगी नहीं हैं।	1
यह कहानी सिर्फ भारत कि नहीं, बल्की कई दुसरे देशो कि भी हैं।	1
उधोयोगिक स्थानो से भी बहुत सारा प्रदूषित पानी आता, जो कई नदी, तलाब को प्रदूषित करता।	1
जब कोई नदी, तलाब इन जल के कारण प्रदुषित होता, उस पूरे जल के पर्यावरण को भी खराब करता हैं ।	1
उस नदी व तलाब में रह रहे, जानवर, पेड़ सभी उस प्रदूषित पानी का शिकार होते और उनकी मृत्यु होने कि संभावना रहती।	1
इन सब को ठीक करने के लिए, सरकार बहुत सारी कानुन लागु कि हैं। लेकिन वो सिर्फ किताबे में हि सिमित रहती।	1
कोई लोग उसे अच्छी तरह से पालन नहीं करते।	1
इस कारण एक बार प्रदू‌षित पानी, प्रदू‌षित हि रह जाती।	1
इसके अलावा ये भी देखा गया है कि आम लोग, इसे लेकर उतना जागरूक नहीं हैं।	0
एक अच्छी शिक्षा कि अवस्यकता है।	1
जो लोगो को समझा सके कि क्या करना उचित होग ।	1
इसी आबादी ने पानी के साथ वायु को भी प्रदूषित किया हैं।	1
इसके मुख्य कारण हैं। लकड़ी जलाना, गाड़ी का बहुत मात्रा में उपयोग करना रेफरिजरेटर। वाताकुलिनित समान का उपयोग करना ।	1
इन सब के कारण देखा गया है कि वायु में अनाआवस्यक जिसे जैसे, ज्यादा मात्रा में कार्बन डाई अक्साइड (CO₂), एंव अन्य चिज आ जाती।	1
बहुत बार देखा गया है कि वहाँ के लोग खाना बनाने के लिए लकड़ी जलाते, इसके कारण बहुत हि खराब वायु निकलति।	1
ऐसे हि, बहुत ज्यादा गाड़ी चलने के कारण, हमारी वायु में बहुत सारे ऐसे चीज आती जो हवा को सांस लेने के लिए उचित नहीं छोड़ते ।	1
खतरनाक रसायन के अलावा, इन सबके कारण, एक ओर चिज  निकलती जिसे प्राटिकुलेट प्रदार्थ कहते।	1
इसका आकार 2.5 mm से कम होता और जब ये इंसान के फेफाड़ा में जाता तो उस इंसान कि आयु में कमी होती।	1
इसके अलावा, वह कैंसर भी ला सकती।	1
वायु प्रदू‌षण को विज्ञान के जगत में, AQI  नामक अंक से दिखाते हैं।	1
अगर किसी स्थान का  AQI 100 से ज्यादा होता, तो वहाँ के रह रहे लोगों को सांस लेने में बहुत मुश्किल हो सकती है।	1
भारत के राजधानी दिल्ली में वायु प्रदूषण हमेशा प्रचलित रहता।	1
दिल्ली एक बहुत छोटा स्थान हैं, परंतु उसकी जनसंख्या बहुत ज्यादा हैं।	1
इसके कारण यहा के लोग बहुत सारे ऐसे गतिविधिया करते कि , वहाँ कि वायु बहुत प्रदूषित हैं।	1
इन सब के अलावा अधोयोगिक स्थान भी बहुत सारे रसायनिक पदार्थ वायु में छोड़ देते जिसके कारण हवा प्रदूषित होती।	1
इन सब के कारण न  केवल इंसान बल्की जानवर भी शिकार होते ।	1
सभी लोगों में फेफड़ा कि शिकायत, सास लेने कि शिकायत कि हैं।	1
इन सब पर रोक लगाने के लिए सरकार ने बहुत सारे नियम बनाये हैं ।	1
जैसे कि सभी को अधिनिक वाहन का उपयोग करे जो कम प्रदूषण करती।	1
बिजली पे चलने वाली गाड़ी का उपयोग के लिए लोगों को उत्साहित किया जाता।	1
बहुत सारी शिक्षा केंद्र जैसे IIT, ISFR इन सब पर अनुसंधान कर रहे ताकी इसे ठिक किया जा सके।	1
जमीन प्रदूषण- अधोगिकरण  एंव बदलाव के कि कारण लोगे ने जितना हो सके उतना जमीन का दुरउपयोग किया।	1
कोई भी इमारत बनाने के लिए, लोगे ने उस जमीन को खाली किया, उसके लिए वहा के पेड़, को काटा जिसके कारण, उस जमीन का प्रकृतिक अस्तितव खो गया।	1
पैदावार के लिए लोग उसी खेत पे बार-बार उपयोग के कारण उसे बंजर बना देते।	1
यह एक प्रकार कि प्रदूषण हि है।	1
इसे भी ठिक करने के लिए सरकार बहुत सारे कठोर कदम लेते हैं, परन्तु आम नागरिक को उन सब चिज का अभाव न होने के कारण, कोई भी कदम आगे नहीं बड़ता।	1
अगर, एक नजरिया से देखा जाय तो सभी प्रदूषण का कारण ये  इन्सान हि  हैं ।	1
सरकार कितना भी कानून बना ले अगर इन्सान अपने आप को न सुधारे, तो कुछ ‌नही हो सकता।	1
आम लोग अपने गतिविधिया पे थोड़ा लगाम दें।	1
यह पृथ्वी एक हि हैं।	1
अगर इसे अभी खराब कर देगे तो हमारे आने वाले भविष्य के लिए कुछ भी नहीं रहेगा।	1
आज कल पूरी दुनिया सस्टेनेबल शब्द का उपयोग कर रहे हैं।	1
हम सभी के समान को ऐसे उपयोग कारण  चाहिए ताकी वो भविष्य को सुरक्षित रखे।	1
इतिहास में बहुत सारि  कहानियां का प्रमाण मिलता है और वह भी अलग-अलग तथ्यों से।	1
रामायण जो रामचरितमानस के वालमिकी द्वारा लि गई है उसमें प्रभु श्रीराम के चरित्र  और जीवन पर लिखा गया  है	1
इस कहानी में राम, सिता, हनुमान, लक्ष्मण मंथरा , कैकयी आदि है।	1
प्रभु श्री राम का जन्म अयोध्या में हुआ ऐसा सभी मानना है और इतिहास इसको साक्षी भी मानती है।	1
दशरथ के चार पुत्र हुए राम, लक्ष्मण, भरत, श्रत्रुघन।	0
चारो पुत्रो को आश्रम भेज दिया गया। 	1
वही चारो की शादि यानि विवाह भी हुआ।	1
जब यह बात अयोध्या पहुं‌ची की चारो पुत्र वापस आ रहे तो कोशल्या को बहुत बुरा लगा वह कैकेयी से बोली की मेरे पुत्र को राजा बनाने का अवसर कभी नही मिलेगा। और वह फुट फुट के रोने लगी पुत्र मोह में।	1
मन्थरा तब चुप चाप सुन रही थी और तब तक उसने यह जो वह सोच रही थी उसने कैकेयी को बोल दिया।	1
उसने प्रभु श्री राम को चौदह साल का वनवस देने की बात कही कैकयी ने भुत पूर्व में राजा दशरथ के प्रान बचाये थे और राजा ने उन्हें वचन दिया था कि वह जो बोलेंगी या मांगेगी उनको मिलेगा।	1
रानी कैकयी ने उनसे राम को चौदह साल भेजने का वनवास मांग लिया ।	1
परन्तु पुरे अयोडया  में इसकी हिनता होना सुरु हो गई ।	1
प्रभु श्री राम ने मगर यह निर्णय लिया की वह वनवास की तरह प्रस्थान करेंगे।	1
माँ सिता ते भी संग चलने का निर्णय लिया। 	1
दोनो संग लक्ष्मण जंगल की ओर निकल पड़े । और वह लोग झोपड़ी मे रहने लगा लगे।	1
पुरे अयोध्य  मातम था गया ।	1
एक दिन सुवनेखा आई उसका मन लक्ष्मण को देखते ही मोहित हो गया । पर उन्हाने उसका नाक काट दिया।	1
वह रोती हुई अपने भाई रावण के पास गई ।	0
वहा जाकर उसने पुरी कहानि उनको सुनाई तो रावण आग बबूला हो गया, 	1
वह निर्णय लिया की इसका बदला वह जरूर लेगा।	1
वह खुद  आया और हिरण का रूप  धारण करके जंगत में घुमने लगा	1
 माँ सिता की अज़र उस सुनहरे हिरण पर पड़ी, वह तुरन्त मोहित हो गई और जंगल की तरफ प्रस्थान करने लगी।	1
यह देखकर प्रभु श्री राम उनको रोकना चाहे और बोला कि हे प्रिय ! 	1
तुम यही रूको मै आता हूँ उस हिरण को लेकर और लक्ष्मण को  प्रतिक्क्षा और रक्षा के लिए बोला ।	1
वह हिरण जंगल की तरफ दौड़ने लगा और अपना स्वरूप बदल के राम की आवज निकालने लगा।	0
उधर लक्ष्मण ने एक रेखा खिंची माँ सिता के सुरक्षा के लिए और वह भी कुटिया से निकलने लगा ।	1
माँ सिता यहा विचलित बैठी थी तभी एक साधू ने भिक्षा की गुहार लगाई और सिता माँ को रेखा लांघने पे विमस किया।	1
जैसे ही मा सिता बाहर आई वह उन्हें उठा कर लंका कि तरफ चलने लगा। 	1
तभी जटायु की नजर पड़ी  और वह युद्ध करने लगा रावण से ।	0
रावण से मगर वह जीत ना पाया तो माँ सिता ने अपने गहने निचे फेंकने शुरु कर दिया पुरे जंगल में वह एक निशानी छाड़‌ना चाहती थी कि कहा वह दुष्ट रावण उन्हें ले जा रहा ।	1
माँ सिता को  रावण ने अशोक वाटिका में रखा और वह उन्हें दाशियों के संग रखता उनकी देख-रेख में।	1
वह हमेशा उन्हे विमश करता की वह उससे ब्याह रचा ले परन्तु माँ सिता कभी उसके बात में नहीं आती 	1
इधर सुग्रीव हनुमान के संग मिलकर प्रभु श्रि  राम ने नदीं पार कर दि।	1
राम सेतु का निर्माण हुआ और सम्पूर्ण बानर सेना नदीं  पार कर के गई।	1
लंगा को हनुमान जी ने पहले ही जला दिया था और अब युद्ध शुरु हुआ जिसमें वह बहुत बुरे तरीके से हारा।	0
माँ सिता की बापस अयोध्या लाया गया और अयोध्या में चौदह साल बाद दीपावली मनाई गई।	0
पूरी अयोध्या को दियो से जलाया गया चारो और पटाखे, शोर-शराबा खुशियों का माहौल हुआ। 	1
सभी के घरों में पूजा पाठ दिवाली के दिन हुआ प्रारम्भ उस दिन से हि।	1
परन्तु कुछ ऐसा हुआ जीससे अयोध्यावासी कभी खुद को माफ नही कर पायेंगे।	1
कभी उन्होंने माँ सिता के चरित्र पर प्रश्न उठाया जिसकी वजह से प्रभु श्रि राम को माँ सिता को अयोध्या से दुर भेजना पड़ा।	1
इस सवाल या दुविधा यह थी कि ऐसा कैसे संम्भव था कि माँ सीता पर इतना बड़ा अपमान लगाया उतना और प्रभु श्री राम चुप रह गए।	1
ऐसी भी क्या सत्ता का मोह की पुरुषोतम श्री राम अपनी ही पत्नी के लिए खड़े नहीं रह पाए।	1
माँ सिता काफी दुखित थी ओर वह वालमिकी जी के  आश्रम जा पहुंची।	1
जंगल से लकड़िया  लाना, तोड़ना, खाना बनाना और अपने दो पुत्र लव कुश का पालन पोषण करना उनके लिए काफी कठिन अनुभव रहा होगा पर हमारा समाज ही ऐसा है महिला का शोषण करना उसको ही गलत ठहराना इसकी आदत है	1
लव कुश को पढ़ना लिखाना उनको शिक्षा दिक्षा देना माँ सिता का काम था क्योकि वह एक माँ थी ।	1
परन्तु श्री राम ने  यह समाज के मजबुरी में आकर यह निर्णय लिया होगा ।	1
कीसी को क्या पता? एक बार राजा राम को यह खबर गई की उनका घोड़ा जंगल में किसी ने बांध रखा है और वह दो बालक जो कि सबको हरा दे रहे	1
यह सुनते ही प्रभु श्री राम ने बोला की आखिर उनको चाहिए क्या तो दोना बालक ने उनसे मिलने की आस्था प्रकट की।	1
इस पर  दोनों बालक को दरबार बुलाया गया जब परिचय पुछा गया तो उन दोनो ने अपना परिचय बताया और माँ सिता की कठिनाइयो को व्यक्त किया कि क्या क्या परिश्रम कीया है उन्होने यह समाज में ।	1
सभी की आँखों में आँसू ये पुरा समाज रो रहा था तब माँ सिंता को बुलाया गया जब वह आई तो सबके सामने उन्हे पुन्ह: अपनी अग्नि परिक्षा देनी पड़ी। 	1
पर इस बार उन्होने अपनी माँ / जननी धरती माँ या पृथ्वी माँ से निवेदन किया कि वह उन्हे अपने साथ  ले चले।	1
पर यह सोचने पर मजबुर भी किया सबको की महिलाओं की क्या स्थिती है।	1
आज भी जब राम जन्मभूमि के बनने की बात आती है तो लोग जो अयोध्या वासी है उन्हे कोसते है कि माँ सिंता के साथ क्या किया।	1
सारे रामायण से जुड़े अवशेष आज भी लीपीयो में पत्थरी में,  मिलते है  राम लला की मूर्ती का चित्रकार सुनील कुमार विश्वकर्मा बी.रच.यु का अध्यापक है। विश्वकर्मा समाज ने इस मंदिर का निर्माण किया।	1
पौराणीक मंडीये राम सेतु, मंस्जिद के नीचे के अवशेष मिलने के बाद ही  रामलला की मंदिर का निर्माण हो पाया	1
यह कलयुग है जहा कुछ भी हो सकता है, 	1
महर्षि वाल्मिकी द्वारा रचित रामायण हमें श्री राम की कहानी बताती हैं।	1
रामायण के अन्य कई अनुवाद और व्याख्यन और रचयिता है जैसे कि तुलसीदास रचित रामचरितमानस, कंबन रामायण इत्यादि।	1
परंतु इन सभी का प्रेरणा स्रोत वाल्मिकी रामायण को ही माना जाता है।	1
लोकमान्यताओं और हिंदू धर्म के विश्वास के आधार पर राम को भगवान विष्णु का अवतार माना जाता है।	1
रामायण के प्रमुख काण्ड -बालकाण्ड, अयोध्याकाण्ड, अरण्यकाण्ड, किष्किन्धाकांड, सुंदरकाण्ड /लंका- काण्ड तथा उत्तर काण्ड श्रीराम के जीवन प्रसंगों पर आधारित है।	1
बालकाण्ड में हमें श्री राम के जन्म, लालन- पालन, शिक्षा- दीक्षा एवं विवाह प्रसंग के बारे में जानने को मिलता है।	1
इस काण्ड में मनमोहक बाल- क्रीड़ा तथा श्रीराम एवं लक्ष्मण का ऋषि विश्वामित्र संग यज्ञ रक्षा हेतु जाने का वर्णन है।	1
बालकाण्ड में हमें महाराज दशरथ के पुत्र- प्रेम की झलकी भी देखने को मिलती है - जब महर्षि विश्वामित्र दशरथ से राम और लक्ष्मण को यज्ञ रक्षा हेतु अपने साथ वन लेकर जाने की बात करते हैं।	1
ताड़का उन राक्षसों में सबसे अधिक भयंकर तथा विनाशकारी प्रवृत्ति वाली थी, जोकि श्रीराम द्वारा यमराज के लोक में पहुंचा दी जाती है ।	1
जब श्री राम और लक्ष्मण यज्ञ की रक्षा पूर्णतः सुनिश्चित कर देते हैं, तब महर्षि विशवामित्र उन्हें पतित पावनी गंगा के दर्शन कराते हुए जनकपुरी की ओर लेकर जाते हैं।	1
जनकपुरी के राजा, जिन्हें विदेह जनक के रूप में जाना जाता था उन्होंने अपनी पुत्री सीता का विवाह करने हेतु एक कठिन प्रण लिया था।	1
चूंकि सीता भुमि से प्राप्त हुई थी ,उनके वरण हेतु वीर- शुल्क पर आधारित शर्त यह रखी गई थी कि जो शिव- धनुष पर प्रत्यंचा चढ़ाएगा, वही वीर सीता का वरण करेगा।	1
इस कठिन प्रतिज्ञा को सुनकर संपूर्ण भारतवर्ष के वीर योद्धा, आकाश से देवता, गंधर्व और असुरों ने भी शिव- धनुष पर प्रत्यंचा चढ़ाने के कई प्रयत्न किए परंतु कोई भी इस दुष्कर कार्य में सफल नहीं हो पाया।	1
जब महर्षि विशवामित्र श्रीराम एवं लक्ष्मण के साथ जनकपुरी पहुंचे तब महाराज जनक ने विशवामित्र से अपनी प्रतिज्ञा के बारे में बताया।	1
श्रीराम ने सहज रूप से धनुष उठाकर उसपर प्रत्यंचा चढ़ा दी, 	1
इस प्रकार श्रीराम एवं सीताजी के विवाह के प्रसंग की आधारशिला साकार रूप में आती है।	1
रामायण के अन्य अध्याय मुख्यतः वनगमन, सीता- हरण, हनुमत-मिलन, रावण- मरण तथा अयोध्या पुर्न- आगमन पर आधारित है।	1
इस लेख मैं अपने बचपन की एक बहुत ही सुखद तथा बचपन भरी अठखेलियों को एक बार दोबारा याद करना चाहती हूं।	1
गर्मियों की बात है और कुछ दस- बारह वर्ष की आयु थी।	1
नानी का घर और खूब सारे आम के पेड़, मौसी के बच्चे भी साथ थे।	1
ऐसे ही एक दिन हमें पेड़ पर चढ़ने की सुझी,	1
मैं और मेरे दो मौसेरे भाई, हम इस होड़ में लग गए की जानवरों के कोठे के सामने वाले कदंब के पेड़ पर पहले कौन चढ़ेगा।	1
और हम लग गए अपनी सारी बुद्धि और बल का इस्तेमाल करने पर।	1
आखिरकार कई असफल प्रयासों के बाद ,मुझे समझ आया की अगर मैं एक विशेष रूप से अपने पैर और हाथों का संतुलन बनाऊं तो ऊपर चढ़ना अधिक आसान लग रहा।	1
अब यह तो केवल ख्याल था, इसे सच्चाई में परिवर्तित करने मैंने अपना सारा जोर लगा दिया।	1
सोशल मीडिया हमारे समाज में लग- भग दस वर्षों से भी ज्यादा समय से है।	1
अब के समय में सोशल मीडिया हमारे समय का अंग बन चुका है, जिसे अलग नहीं किया जा सकता ।	1
मनुष्य के जीवन पर सोशल मीडिया का गहरा असर किसी भी स्थिति पर देखा जा सकता है।	1
शुरुआत में जब सोशल मीडिया आया था, 	1
उसका प्रमुख जरिया फेसबुक से था उस समय इंटरनेट भी सभी लोगों पे नहीं था तो बहुत कम ही लोग सोशल मीडिया से जुड़े थे ।	1
लोग केवल कुछ क्षणों के लेए इसका प्रयोग करते और फिर बंद कर देते।	1
धीरे-धीरे कर के जब लोगों ने सोशल मीडिया का और प्रयोग करना शुरू किया, मनुष्य अपने जीवन से जुड़ी तस्वीरें,कहानी, वीडियो आदि डालने लगे।	1
एक व्यक्ति को देखकर दूसरे व्यक्ति ने भी सोशल मीडिया के प्रभाव में आकर, उसने भी वही करना शुरू कर दिया।	1
इसी के चलते काफी सारी संख्या एक ही जैसी चीज करने लगी।	1
सन 2016 से पहले अधिकतर लोगों के पास इंटरनेट की उपलब्धि नहीं थी।	1
2016 में रिलायेन्स द्वारा जियो सिम निकालने पर लग- भग सभी घरों में इंटरनेट उपलब्ध हो गया था।	1
जिसके चलते सोशल मीडिया और भी प्रभावशाली हो गया मनुष्य के जीवन में ।	1
सन 2019 के अंत में कोरोना की आगमन ने जो लोकडाउन लगवाया था, उसके कारण न चाहते हुए भी सभी मनुष्य प्रजाती को इंटरनेट पर निर्भर होना पड़ा 	1
इस घटना ने लगभग सभी व्यक्तियों को सोशल मीडिया का स्वाद चखा दीया।	1
अभी के समय 90 प्रतीशत से अधिक संख्या सोशल मीडिया से जुड़ी है ।	1
अभी के समय बहुत से लोग सोशल मीडिया के सहारे मशहूर हो रहे हैं और पैसा भी कमा रहे हैं ।	1
लोग कोई भी नयी क्रिया करते हैं और उन्हें देखने वाले लोगों को लगता है कि अगर वे यह हरकत नहीं करेंगे तो उन्हें नीया या पिछड़ा हुआ माना जाएगा ।	1
इसी कारणवर्ष ,कोई भी चीज, जिसका वास्तविकता में कोई अर्थ एवं मूल्य नहीं है, सोशल मीडिया के सहारे वह क्रिया ट्रेडिंग मानी जाती है।	1
प्रत्येक माह कोई भी व्यक्ति एक नई चीज शुरू करता है और कुछ ही दिनों में वही चीज हर कोई व्यक्ति कर रहा होता है।	1
और अगर कोई व्यक्ति इस बहाव में नहीं आता है तो उसे अजीब नजरों से देखा जाता है और उसे पिछड़ा माना जाता है ।	1
हर व्यक्ति कहीं भी घूमने जाता है, कहीं कुछ खाना खाने जाता है, कोई गाना गाता है ,कोई नृत्य करता है तो कोई कुछ करता है तो वह उसे सोशल मीडिया पर जरूर डालता है।	1
जिसे बाकि लोग देखकर प्रभावित होते हैं और सोचते हैं कि लोग अपनी जिंदगी में बहुत कुछ कर रहे हैं और हमें भी कुछ करना चाहिए।	1
कुछ लोग सोशल मीडिया से पैसा कमा रहे हैं तो बाकियों को लगता है कि हमें भी ऐसा ही करना चाहिए लेकिन उन्हें जब परिणाम उनकी अपेक्षा से अलग मिलता है तो वे निराशा में भी बहुत कुछ कर बैठते हैं।	1
सोशल मीडिया की एक सकारात्मक ओर भी है।	1
एक व्यक्ति अपने आप से बहुत कम जानकारी इकट्ठा कर सकता है और अगर उसे कोई कार्य करना है तो ,वह स्वयं शायद सबसे आसान एवं छोटा मार्ग न जानता हो ।	1
किंतु सोशम मीडिया के माध्यम से हम जितनी चाहे उतनी जानकारी इकट्ठा कर सकते हैं।	1
हर विषय के बारे में कोई-न-कोई परिपूर्ण ज्ञानी उस विषय के बारे में बता रहा होता है, किस प्रकार से उसे विषय में माहिर बने एवं उसे विषय के क्या फायदे हैं।	1
हम जब चाहें ,तब सोशल मीडिया पे उन लोगों को मुफ्त में देखें और अपने जीवन के निर्णय एक अच्छी दिशा की ओर लें।	1
अभी के समय यह पूर्णतः है हम सब पर है कि हम सोशल मीडिया प्रभाव स्वयं पर कितना होने देना चाहते हैं ।	1
यह उस दिन की बात है जब मैं कक्षा में था और अगले दिन मेरा हिंदी का ही परीक्षा थी।	1
तो हमारी मां ने पत्र यद करके और उसके बाद उसे देखे बिना देखे लिखने को बोला था।	1
मेरा भाई मुझेसे पढ़ाई में अच्छा था उसने बहुत जल्द ही पत्र याद किया और मां को लिखकर बता दिया और खेलने चला गया।	1
क्योंकि मेरी और मेरे भाई का पत्र एक ही विषय पर था तो मैं उसके लिखे पत्र पर उसका नाम काट कर अपना नाम लिखकर मां को दिखाया कि मेरे अपना पत्र लिख लिया है।	1
पर जब मां ने देखा कि मैं भी वही गलत किया था जो मेरे भाई ने गलत किया था। तब माॅ को सक हुआ और उन्होंने मुझे बहुत मारा और 10 बार पत्र लिखवाया	1
 उस दिन से आज दिन तक मैंने अपना काम खुद से करने को ही सही माना है।	1
और इस हादसा एक यादगार आशा बन गया।	1
उ और जैसा हम सब जानते हैं कि सारी यादें अच्छी नहीं होती कई बुरी यादें भी हमें बहुत कुछ सिखा देती हैं।	1
कॉलेज का मेरा पहला दिन मेरे उन दिनों मे एक हैं। जब  मैं बहुत उदास हुआ।	1
और उसमे भी मेरा भाई मैं और मेरा जुड़वा भाई बचपन से ही साथ पड़े हुए हैं।	1
हम जहां भी जाते थे साथी जाते थे।	1
हम जब परीक्षा की पढ़ाई करने के 1 साल घर से दूर रहे तब भी मेरा भाई मेरे साथ ही था।	1
और कॉलेज का पहला दिन या जब मुझे बहुत अकेला लगा रहा था।	1
उसे दिन मुझे मेरे पिता की कानपुर तक छोड़ने आए थे।	1
हमारी रेलगाड़ी यात्रा रात 3:00 बजे आई जिसके कारण मैं रात में अच्छे से सोया भी नहीं था।	1
उसे दिन यहाॅ बारिश का मौसम था 	1
उस दिन मेरे पिताजी मेरे साथ रुखने वाले थे।	1
पर उसे अगले दिन ही एक बहुत जरूरी काम आ गया जिस कारण उन्हें मुझे उसी दिन ही छोड़ कर जाना पड़ा।	1
उस दिन मुझे समझ नहीं आ रहा थ कि मै क्या करना चाहिए।	1
पूरा दिन में बस अपने बिस्तर पर लेटा रहा था	1
आज के इस समय में मनुष्य इतना स्वाथी हो गया। है कि वह अपने अलावा किसी और की सोचता भी नहीं है।	1
और उसके बाद पर्यावरण के बारे में सोचना का तो समय ही नहीं है।	1
परंतु जिस प्रकार हम और पर्यावरण जुड़े हैं हमें पर्यावरण की ओर सोचना चाहिए 	1
हमें हमारे जीवन की सभी वस्तुएं अपने आसपास के पर्यावरण से ही प्राप्त होती है।	1
जिसे हम बिना कुछ सोचे समझे गनदा किये जा रहे हैं।	1
हमें यह ध्यान  मे रखना चाहिए कि पर्यावरण को हानि करने से हमारी ही हानी होगी 	1
सरकार भी पर्यावरण को साफ करने के लिए बहुत सारे अलग-अलग कदम इठा रही है।	1
इसीलिए हमें अपने पर्यावरण का ख्याल अपने परिवार की तरह ही रखना चाहिए।	1
उस दिन मैं पहली बार घर से दूर एक नए शसर में रहने आई थी।	1
मेरा कॉलेज डॉ० अंबेदकर इंस्टीट्यूट, कानपुर शहर में स्थित है।	1
कॉलेज में घुसने के साथ ही हमने खूब हरियाली देखी।	1
अंदर घुसते ही कॉलेज की मेन इमारत थी। जिसमें सारे सरकारी कर्मचारियों के दफ्तर थे।	1
मेन इमारत से जब हम थोड़ा आगे बड़े तो हमें हमारी कक्षाओं की इमारत मिली।	1
हम चार सहेलिया जल्दी से कक्षा में घुस गए।	1
क्योंकि ये उस विषय की हमारी पहली कक्षा थी तो अध्यापक ने ज्यादा कुछ पढ़ाया नहीं और सबको आपस में एक दूसरे का परिचय देने को कहा।	1
कक्षा समाप्त होने के बाद हम सारे दोपहर का खाना खाने के लिए वापिस अपने होटल गए।	1
वहां पहुंच के जल्दी से अपना खाना खत्म कर के हम वापस से अपनी बची हुई कक्षाओं के लिए गए।	1
सबने अपनी पसंद के कई खेल खेले 	1
कुछ ने बैडमिंटन खेला तो कुछ ने टेबल टेनिस तो कुछ ने क्रिकेट।	1
खेलकूद के फिर थक कर हम वापस अपने कमरों में आराम करने के लिए पहुंचे ताकि अगले दिन फिर से नए उत्साह के साथ कॉलेज जा सके।	1
हम मनुष्य वह प्राणी है जो जीवित रहने के लिए अपने पर्यावरण पर निर्भर करते हैं।	1
मनुष्य जीव जंतु और पेड़ पौधे आपस में एक संतुलन बनाए रखते हैं, स्वच्छ और वातावरण बनाए रखने के लिए।	1
लेकिन आजकल मनुष्य के लालच के वजह से हम इस अच्छे वातावरण को दूषित कर रहे हैं।	1
इंसान अपनी वस्तुओं की लालच में आदा से ज्यादा पेड़ों और पशुओं को नुकसान पहुंचा रहा है, जिसकी वजह से वह अपना पर्यावरण भी प्रदूषित करता है।	1
एक संतुलन बनाए रखने के लिए मनुष्य को अपनी लालच कम करनी होगी ताकि वह अपने आसपास की वस्तुओं का विनाश करने के बजाय उनका सदुपयोग कर सके।	1
हम अपने रोज मर्दा की जिंदगी के लिए अपने आसपास मौजूद पर्यावरण पर निर्भर करते हैं।	1
इसलिए हमें समझदारी और होशियारी से काम लेना चाहिए और कोशिश करनी चाहिए कि हम अपने आसपास के पर्यावरण को सुरक्षित रखने की कोशिश करें।	1
अगर हम एक संतुलन बनाकर रखे तो हम अपने आसपास एक अच्छा वातावरण बनाए रख सकते हैं।	1
और कोशिश कर सकते हैं कि हमारे आगे आने वाले पुश्ते भी इस्का लुफ्त उठा सके।	1
इन सब चीजों से बचने का सबसे सरल इलाज है सबको शिक्षा उपलब्ध कराना कई गांवों और शहरों में माध्यमिक शिक्षा मुफ्त और जरूरी भी कराई गई है।	1
एक परिवार में महिला की शिक्षा को ज्यादा महत्व दिया जाता है क्योंकि ऐसा कहा जाता है कि हीरा अगर कोई महिला शिक्षित है तो वह अपने बच्चों को भी सही से पढ़कर उन्हें भी शिक्षित करेगी।	1
एक शिक्षित आदमी समाज में अच्छी तरह से अपना जीवन व्यतीत कर सकता।	1
हमारा दुर्भाग्य ऐसा था कि 12वीं की परीक्षा खत्म होते ही कोविद-19 नामक महाप्रलय ने आक्रमण कर दिया।	1
हम सब कि कॉलेज देखने इच्छा भी घूमिल सी हो गई थी।	1
तभी एक दिन 8 फरवरी 2022 को कॉलेज खोलने का नोटिस निकाल 	1
हम सब फुले न समाय	1
 मेरे कॉलेज का पहला दिन 17 फरवरी 2022 के दिन मेरे जीवन का सबसे यादगार दिन हैं।	1
मैं एक गांव से पढ़ी-लिखी लड़की, दिल्ली जैसे बड़े शहर में अकेले पढ़ने आई 	1
कॉलेज जाने की इतनी उत्सुकता थी। की अपना सामान अपने दोस्तों के कमरे पर रखकर बिना अपना रहने के ठिकाना ढूंढे कॉलेज की ओर चल पड़ी।	1
आज भी वो मेरे आखों के सामने आता है, दोस्त के कमरे पर अपना सामान रख कर में रिक्शा लेकर कॉलेज की ओर निकल पड़ी।	1
पहली बार हिंदू कॉलेज के प्राणन में कदम रखा।	1
इतनी भीड़ थी इतने सारे लोग उन अनजान शहरों में कुछ जाने पहचाने चेहरे भी दिखे, मेरे वर्ग साथी जिनसे अब तक बस ऑनलाइन ही बातचीत हुई थी।	1
बहुत हंसी आती उस दिन को याद कर एक तरफ बहुत खुश थी लोगों से मिलकर दूसरी तरफ ज्यादा बातचीत भी नहीं कर पा रही थी।	1
सभी दोस्तों से मिलने के बाद हम सभी अपने शिक्षकों से भी मिलने गए सारे शिक्षक एवं छात्रगण बड़े से खेल के मैदान में खड़े थे।	1
कई पत्रकार भी आए थे बहुत लोगों का साक्षात्कार भी कर रहे थे।	1
हमने शिक्षकों से बातें की सबने उनके साथ तस्वीर भी खींची और हमेशा की तरह मैं उन सब तस्वीरों के में पीछे ही खड़ी थी।	1
सबसे भेंट मुलाकात की और मैं अपने आसियाने की तलाश कॉलेज के सबसे अलविदा लेने लगी	1
 एक शिक्षिका ने तो उसी दिन एक क्लास भी रख दी थीव सारे बच्चे कक्षा में पढ़ने गए और मैं अपने आशियाने की तलाश में कॉलेज से लौट गई 	1
कुछ ऐसा रहा था मेरे कॉलेज का पहला दिन।	0
जब से मोबाइल फोन एवं इंटरनेट की सुविधा सोलभ हुई है।	1
सोशल मीडिया की वजह से बहुत सारे सकारात्मक प्रभाव में बड़े हैं।	1
आज यु-टुब की वजह से बहुत सारे छात्र जो पढ़ नहीं पाते थे वह पढ़ रहे हैं और बहुत अच्छे से पढ़ रहे हैं।	1
लेकिन इन सकारात्मक प्रभाव के साथ नकारात्मक प्रभाव भी बढ़ते जा रहे हैं जैसे लोग सोशल मीडिया की वजह से दिखावे की जिंदगी जी रहे हैं।	1
लोग दूसरे की दिखावे की जिंदगी देखकर इन सवेयुर महसुस कर रहे हैं।	1
लोग बिना जांच-परख किए किसी भी 10 र्सकेंद्र के मीडिया पर भरोसा करके गंध फैलाने लगते हैं।	1
मेरा पहला दिन कॉलेज में काफी आश्चर्य के साथ बिता।	1
मैंने अपने आप पहली बार एक वाहन खरीद जिसको मैं दोपहियों पर चला सकता।	1
फिर उसके बाद में अपने निर्धारित कमरे में गया और मैं रो देखकर हैरान रह गया। कि उस कमरे की जमीन ही नहीं बनी।	1
मेरा नया दोस्त जिसको की वही कमरा निर्धारित था वह उस कारीगर को बैठ कर देख रहा था।	1
हमने बड़ी मेहनत से उसमें दो बिस्तर व दो कुर्सी लगाई 	1
फिर हम भेलपुरी खाने गए परंतु हमें भेलपुरी कहीं पर भी नहीं मिली।	1
सोशल मीडिया अभी के समाज की बहुत बड़ी मुसिबत है।	1
जब इसका ईजाद हुआ था। तब यह बहुत ही अच्छी चीज थी 	1
दूर बैठे अपने मित्र एवं संबंधियों से मुलाकात कर सकते, नए अवसर खोज सकते।	1
परंतु इसका दुर प्रभाव आज के नादान बालको पर पड़ा।	1
उन बालकों को कोई इसका महत्व नहीं समझ जा पाया और वह सोशल मीडिया की भीड़ में खो गए।	1
बस ऐसी नौबत आ गई कि हमारे पास फोन पर ऐसे प्रोग्राम होने लगे जो इस सोशल मीडिया से भरी दुनिया को काबू में करने की कोशिश करने लगे।	1
लेकिन मेरी लंबाई नहीं बड़ी।	1
15 साल पहले मैं बहुत किताबें पढ़ना था।	1
बहुत दिल करता लेकिन समय नहीं मिल पाता पूरा दिन जो मैं सोशल मीडिया पर निकाल देता।	1
एक बार उसके गांव में( जो की ढोलक कपूर नाम से जाना जाता) है।	1
मेरे को भी अपने आप को साबित करना था कि मैं कर सकति हूं	1
 मेने परिक्षा दे दिया था पर मुई अंदर से लग नहीं रहा था कि मेरा होने वाला है ।	1
पर जिस दिन फल प्रकाश पाया मेरे घर वाले ने मुई बताया कि मेरा क्लियर हो गया है 	1
वो पल मेरे लिए बहुमूल्य था ।	1
क्योंकि मेने करके दिखा दिया था कि मैं मेहनति और पढ़ने में अछी हूं ।	1
मेरे पूरे गांव वाली मुई पहचान गए थे।	1
सब बहुत तारिफ कर रहे थे मेरि ।	1
उस दिन मैं बहुत खूस थि ।	1
ये मेरे जीवन के सारे यादगार पल में से एक था।	1
मे जब अपने बचपन में थी तब सोशल मीडिया का प्रभाव इतना नहीं था जीतना आज हो गया है ।	1
कहने जाय तो आज के जमाने में सोशल मीडिया का मनुष्य के उपर अछा भी और बुरा प्रभाव भी है 	1
सोशल मीडिया के जरिय हम देश-विदेश के लोगों को घर बैठे जान पा रहे हैं ।	1
सबसे दास्ती कर पा रहे हैं हमारि मनोरंजन हो पा रहि है।	1
पर जब हम इसको ज्यादा चलाने लग जाते हैं वो हमारे जीन्दगि के ऊपर हावि होने लगता है 	1
सबसे बड़ा उदाहरण है इंस्टाग्राम 	1
आजकल लोगों का मेंटाल पिस बहुत खराब चल रहि है इसको ज्यादा इस्तमाल करने के वजह से।	0
गलत कन्टेंट को जव देखते हैं उनके दिमाग के उपर गलत असर करता है ।	1
जिस वजह से उनकि वाकि कामों में गलत असर करता है।	1
सोशल मीडिया के वजह से आजकल लोग अपने परिवार के पास हो कर भी मन से दुर होने लगे हैं ।	1
जो की अछी वात नहीं है 	1
अपना दुख अपनों को सुनाने के वजाय अनजान लोगों को सुनाने लगे हैं।	1
इस प्रकार अगर चलता रहा मनुष्य को शारीरिक और मानसिक स्तिति दोनों धीरे-धीरे खराब होने लगेगा 	1
इसलिए हम सोशल मीडिया का व्यवहार सोच समइकर करना चाहिए।	1
उसी प्रकार मेरा भी वह दिन आया दिनांक 21 जुलाई 2023 को जब मैं भारतीय प्रौद्योगिकी संस्था कानपुर में दाखिला लिया।	1
यह दिन मेरे लिए बहुत उत्साह एवं उल्लास से भरपूर था	1
 जब मैं अपने माता एवं पिता के साथ यहां दाखिला प्राप्त करने के लिए आया जिसका सपना में काफी समय से देखा रहता था।	1
कॉलेज का पहला दिन उत्साह ऊर्जा एवं कागजों की लिखा पड़ी से भरपूर था।	1
मैंने जैसा देखा था चल चित्रों के माध्यम से	1
 आज मुझे कॉलेज उससे भी अधिक खूबसूरत और बड़ा प्रतीत हो रहा है 	1
कैंपस की हरियाली मन को अत्याधिक प्रसंग करती थी।	1
इसी प्रकार में कैंपस की सुंदरता का एहसास करता हुआ हॉस्टल क्रमांक 12 पर पहुंचा जहां पर तमाम कागजी कार्यवाही हुई।	1
जिसके बाद मुझे अपने हॉस्टल का पता लगा और फिर मैं उसके लिए प्रस्थान किया जहां पर मैं रहने के तमाम इंतजाम किए	1
 इन सब गतिविधियों में हमारा लगभग पूरा दिन समाप्त हो गया।	1
अंत में मैंने अपने परिवार समेत हॉस्टल क्रमांक 10 की कैंटीन में रात का भोजन किया और उसके बाद थोड़ा टहलने के लिए कैंपस में निकल गया 	1
हालांकि इस दिन मेरे माता-पिता की दिल्ली वापसी की ट्रेन भी थी।	1
तो दिन खत्म होते-होते खुशी का अनुभव करते-करते हुए घर की ओर प्रस्थान किया और मैं वापस अपने छात्रावास में हर्षित मन के साथ विश्राम करने के लिए चला गया।	1
आज के इस बहुत अधिक तेजी से भागती और प्रगतिशील समाज में कदम से कदम मिलाकर चलने के शिक्षा किसी भी मनुष्य के जीवन का एक अभिन्न हिस्सा है।	1
इसमें कोई दौहराई नहीं है कि आज से 15 20 वर्ष पूर्व शिक्षा को हमारे देश में उतना महत्व नहीं दिया जाता था और लोग जल्दी से कमाई करने का जरिया तलाश ने लगते थे।	1
परंतु आज के परिपेक्ष में स्थिति काफी सुधार देखने को मिला है।	1
लोगे ने समय के साथ यह समझा है कि किस प्रकार शिक्षा उतकी संपूर्ण पीधी को पलट कर रख देने की शक्ति रखती है।	1
आज के समय देश को प्रगति की राह पर अग्रसर रखने के लिए शिक्षा को बढ़ावा देने बहुत अनिवार्य है।	1
उदाहरण स्वरूप देखे तो किस प्रकार माननीय अब्दुल कलाम जी ने अपने अत्याधिक पिछड़े वर्ग में से आते हुए जहां पर वह अखबार बेचा करते थे अपनी शिक्षा के माध्यम से उन्होंने देश को अपने अद्वितीय योगदान से इस इपेस के क्षेत्र में अपनी जगह बनाने में सहायता की और आगे चलकर के देश के उच्चतम कुर्सी पर महामहीम राष्ट्रपति के पद को प्राप्त किया।	1
आज भी देश का बच्चा-बच्चा उनकी प्रेरणा स्रोत मानता हैं।	1
रामायण हमारी भारतीय संस्कृति का एक अत्याधिक श्रद्धा पूर्ण महाकाव्य है।	1
विज्ञान किसी भी चीज को तर्क और तथ्य के आधार पर समझने का विधा है।	1
विज्ञान के माध्यम से ही मनुष्य जाति यहा तक विकास पाई है।	1
मनुष्य के विकास की यात्रा को समझे तो यह बात स्पष्ट हो जाएगी।	0
कभी जगल में आग लगी हो फिर मनुष्य ने जला हुआ मांस मिला और खाया तो उसे स्वादिष्ट लगा पर उसे मालुम नहीं था कि आग कैसे लगाए ।	1
फिर कभी उसने दो पत्थरों के टकराने से आग पैदा होते हुए देखा। 	1
तब उसने मांस पकाकर खाना शुरू किया।	0
लाल आय से शेर और दूसरे मांसाहारी जानवर डरते हैं ये मालूम चला।	1
फिर उन्होंने इसे अपनी के लिए इस्तेमाल किया।	1
कालांतर में, मनुष्य ने   अपनी समझ का प्रयोग कर बहुत सारे चीजों का आविष्कार किया। और, उन्होंने अपने जीवन को आसान बनाया।	1
इस तरह देखें तो विज्ञान ने मनुष्य की तरक्की में बहुत मदद किया।	1
विज्ञान के आभाव से आज भी मनुष्य बहुत से गलत कार्य करता है।	1
जैसे कि, विज्ञान, बता चुका है कि भूत-प्रेत जैसा कोई चीज नहीं है। फिर भी आज भूत-प्रेत, चुड़ैल, डायन के नाम पर लोगों की हत्यायें होती है।	1
ये दर्शाता है कि विज्ञान को अधिक से अधिक लोगों तक पहुचाना चाहिए।	1
वहीं दुसरी ओर विज्ञान का प्रयोग कर लोगों ने युद्ध किये, हजारों लाखों लोगों का जान लिए ।	1
विज्ञान का इस्तेमाल करके मनुष्य ने यातायात के उत्कृष्ट साधन बनाएं।	0
जो दूुरी दस साल पहले एक महीने में करते थे वो आज एक दिन में करते हैं।	1
विज्ञान के कारण खेती-बाड़ी करना आसान हुआ।	0
मशीनें बनाईं गईं और कार्य करने की अवधि घट गई।	0
तो इसके वजह से शारिरिक मेहनत घटा, वही दुसरी और लोगों को रोजगार मिलना मुशकिल हुआ। लेकिन मनुष्य की जरूरतों की कोई सीमा नहीं।	1
मशीनें और ज्यादा और ज्यादा उत्पादन करती गई, मनुष्य उपभोग करता गया।	1
आज से अस्सी साल पहले भारत औसत जीवन अवधि बत्तीस साल थी।	1
टीका और दवाई और आधुनिक चिकित्सक मशीनों के वजह से मनुष्य का जीवन और लम्बा हुआ।	1
आज भारत की औसत जीवन आयु सत्तर साल है।	0
ये सब तरक्की विज्ञान के वजह से हुआ।	1
विज्ञान के कारण, वहीं दूसरी दोर, जो मशीनें और उत्पाद बनें वो प्रदुषण का कारण बने हुए हैं ।	1
विज्ञान के माध्यम से बनी हुई  चीजें जैसे परमाणु बम और दुसरे हथियार ने पुरे दनिया को युद्धरत रखा है। पर, महत्वपूर्ण प्रश्न ये है कि क्या युद्ध नहीं होते अगर विज्ञान नहीं होता।	1
युद्ध करना हैं या शांति रखना है ये मनुष्य की मनोस्थिति पर निर्भर करता है।	1
समाजिक विज्ञान भी विज्ञान है। परंतु सामाजिक विज्ञान के सारे सिद्धांत अभी वैज्ञानिकों को भी मालूम है।	1
फिर भी जितना मालूम है उसका समस्त मनुष्य जाति में प्रसार किया जाए तो बहुत उद्धार हो सकता है।	0
आइजक आइसमोव ने बताया है कि एक मनुष्य कैसा व्यवहार करेगा, ये जानना मुश्किल है। लेकिन, सैकड़ों मनुष्य एक दुसरे से कैसे व्यवहार करेंगे इसका अध्ययन किया जा सकता है।	1
विज्ञान और वैज्ञानिक सोच का प्रयोग करें तो हमें मालुम हैं कि कोई देश तरक्की नहीं करेगा।	1
युद्ध होने से उनकों लाभ होगा जो हथियार बेचते हैं।	1
अंततः वो भी सुरक्षित और संपूर्ण रूप से लाभांविंत नहीं होगे क्योंकि जब अस्त्र-शस्त्र निकलते है तो वो कहीं भी जा सकते हैं।	1
वास्तविक रूप से विज्ञान संपूर्ण  रूप से सबके पास पहुंचा नहीं है।	0
यहाँ तक कि वैज्ञानिक सोच भी लोगों के पास नहीं पहुंचा है।	1
इस दुनिया में कई लोग मिल जाएंगे जो एक विधा में पारंगत है। लेकिन सैकड़ों तरह के आडंबर और रूढ़ीवादी परंपरा का पालन करते है।	1
विज्ञान वरदान है या अभिशाप ये उसके इस्तेमाल करने वाले पर निर्भर  करता है।	0
एक ओर बम और बंदूक शहर के शहर बर्बाद, कर चुके है। दुसरी ओर, विज्ञान ने सस्ती ऊर्जा के तरीके भी इजाद किए हैं। 	1
उदाहरण परमाणु ऊर्जा एक स्वस्छ और तुलनात्मक रूप से सुरक्षित ऊर्जा का माध्यम है।	1
ये परमाणु या नाभिकीय विज्ञान की देन है।	0
विज्ञान किसी भी कार्य को करने बेहतर करने का रास्ता दिखाता है।	0
आदमी अगर विज्ञान को गलत कार्य के लिए इस्तेमाल करेगा तो विज्ञान अभिशाप बन जाएगा।	0
वही सही कार्य के विज्ञान का उपयोग किया तो सही कार्य बेहतर तरीके से कर चाख्गा।	1
इसे एक और उदाहरण से समझते है।	0
चाकू एक विज्ञानी सोच की देन है।	0
अगर चाकू को हम खाना पकाने में प्रयोग करें तो चाकू का आविष्कार। एक बरदान हुआ।	1
अगर चाकू का इस्तेमाल किसी किसी दूसरे मनुष्य को हानि पहुंचाने के लिए प्रयोग करे तो ये अभिशाप हुआ।	1
फिर प्रश्न ये भी है कि अगर चाकू न होता तो क्या कोई आदि वस्तु नहीं है हानि पहुंचाने के लिए।	1
किसी को कष्ट कष्ट देने के लिए पत्थर या ढेले का प्रयोग किया जा सकता है।	1
हानि पहुंचाने के लिए बहुत सारी चीजें हैं।	0
अच्छा काम के चीजों का अविष्कार करना होता है।	1
मेरे विचार में विज्ञान को विज्ञान का इस्तेमाल करके हर एक इंसान तक पहुचाना चाहिए ताकि सब कोई मजबूत बने अपनी सुरक्षा करने के लिए।	1
अभी भी हम संम्यता के तौर पर अंधेरे  से निकलने के बहुत प्रयास करना होगा और विज्ञान इसमें हमारी मदद करेगा।	1
रामायण में इस घटना के वर्णन है।	1
जहां पर भगवान श्री राम के विवाह के पश्चात किस प्रकार उनके पिता दशरथ कि एक आवाज पर 14 वर्ष का वनवास स्वीकार कर लेते हैं बिना कोई सवाल किए 	1
सिर्फ यही नही रामायण में एक और महत्वपूर्ण सीख मिलती है कि भले ही आप कितने ही उच्च कोटि के क्यों ना हो आपके द्वारा किए पापों का फल सदैव आपको मिलता है 	1
उदाहरण स्वरूप रावण एक उच्च योणी का ब्राह्मण था जो भगवान शिव के सबसे बड़े उपास थे।	1
परंतु उसकी एक पाप के कारण उसका वही हसर हुआ। जो एक पापी का होता है और उसकी सोने की लंका भी किसी काम ना आ सकी	1
एक और चीज जो हम रामायण से सीख सकते हैं कि जब समारे साथ हमारे अपनो का साथ रहता हैं। तो हम सदैव सफलता प्राप्त करते हैं।	1
उदाहरण स्वरुप भगवान श्री राम के साथ उनके भाई लक्षमण सदैव उनकी डाल बन कर खडे रहे 	1
वही दुसरी तरफ विभिषण जिनका अनादर उन्ही के भी रावण ने किया था 	1
अन्त मे वही रावण की मृत्यु का कारण बने जब उन्हो उन्होंने रावण की नाभि में अमृत का राज भगवान श्री राम को बताया।	1
पर्यावरण शब्द का तात्पर्य होता है हमारे आस-पास का आवरण अर्थात हम चारों ओर जिन भी वस्तुओं से घिरे  हुए हैं उनका एक कवच।	1
हम और पर्यावरण मूलभूत रूप से आपस में जुड़ा हुआ है।	1
दूसरे शब्दों में हम ऐसे कह सकते हैं  हमसे पर्यावरण बनता और पर्यावरण से हम।	1
हम जो अपनी चारों ओर देखते हैं वो सब पर्यावरण है।	1
बढ़ती पाद्योगिकी और आविष्कारों का पर्यावरण पर बहुत हक्न हो रहा है।	1
लेकिन हम अपनी सुख सुविधाओं की वृद्धि करने के चक्कर में इसकी पूर्ण रूप से अनदेखी कर रहे है।	1
जिसके चलते पर्यावरण प्रदूषित हो होता जा रहा है।	1
और अगर हमने अभी भी इसकी स्थिति को अनदेखा किया तो जल्द ही पृथ्वी पर से मानव जीवन और अन्य प्रकार सॆ जीवन समाप्त हो जाएगा।	1
इस प्रदूशण प्रभाव हमारे दैनिक दिनचर्या पर भी बहुत पड़ता है।	1
जैसे इससे कई लोगों की सुनने की क्षमता चली जाती है , 	1
ज्यादा समय तेज ध्वनि में रहने से लोगों के दिमाग पर भी बहुत असर पड़ता है 	1
उनका सरदर्द , ट्यूमर जैसे शिकायत हो सकती है।	1
इन तेज ध्वनियों का प्रभाव केवल मानव पर ही नहीं जानवरों पर भी देखा गया है	1
वायु प्रदूषण का प्रभाव हमारे दैनिक जीवन पर भी देखा गया है	1
इन प्रदूषणों के चलते जानवरों की , कीटों की कई प्रजातियां लगभग समाप्त होती जा रहे हैं	1
जल प्रदूषण का मुख्य करण कारखाने से निकलने वाला गंदा जहरीला पानी है जिसे वह बिना उपचार किया जल स्रोतों को खोल देते हैं 	1
जल को प्रदूषित करने में आमजन भी मुख्य भूमिका निभाती है	1
वह अपने घर के कचरे को आम चल स्रोतों में डाल देते हैं नदियों में कपड़े धोते हैं नहाते हैं जिसमें वह पानी को प्रदूषित कर देते हैं 	1
जल प्रदूषण के कारण हमारी पृथ्वी पर पीने योग्य पानी का प्रतिशत दिन-पर-दिन काम होता जा रहा है जिससे पीने योग्य पानी की कमी आ रही और लोग गंदा पानी पीने के लिए मजबूर हैं।	1
प्रदूषित जल में काई जल्दी पनपत्ति है जो पानी की उभरी सात को ढक लेती है और इसकी वजह से पानी में ऑक्सीजन की कमी हो जाती है जो जलीय जीवों के लिए जानलेवा साबित होती है।	1
इसका मुख्य कारण पेड़ों की कटाई है क्योंकि पेड़ मिट्टी को अपनी जड़ों में पड़े रहते हैं और पेड़ की कटाई के बाद वहां की मिट्टी की कटाई  बाढ़ तेज हवा आदि से हो जाती और वहां की उपजाऊ मिट्टी का हनन होने के कारण वहां की जमीन बंजर हो जाती है।	1
अतः मैं पाठकों से यही आग्रह करुंगी कि वह भी पर्यावरण का महत्व समझें और लोगों को भी समझाएं और इसे बचाने के लिए जागरूकता फैलाएं नहीं तो वह दिन दूर नहीं जब धरती पर से जीवन समाप्त हो जाएगा।	1
पहला दिन । एक नई शुरुआत ।	1
कुछ घटनाएं होती हैं, जो हमें एक जगह फसा देती हैं। दलदल की तरह।	1
चाहकर भी निकल नहीं पाते हैं	1
 ऐसी कुछ घटनाएं हुई थी मेरे जीवन में, और सच कुछ कहूं तो आज भी भुला तो नहीं पाई हूँ।	1
पर उस दर्द का सामना करने में मेरी मदद की है इस कॉलेज ने ।	1
ये भी कह सकते है कि मैंने वादा किया था खुद से । कि अगर अच्छी रैंक आ गई, और कॉलेज मिल गया, तो अपनी पूरी जान लगा दूंगी खुद को ठीक करने में।	1
शुरुआत में अजीब लगा था बच्चों को यहाँ इतने आराम से रहते हुए देखके।	1
बिना माता पिता, एक कमरे में तीन लोग,वो भी अनजान।	1
जब पता चला था कि मुझे और सारे stats के बच्चों को चौथी मंज़िल का रूम दिया गया है, मेरी मम्मी बहुत परेशान हुई थीं।	1
तो मैं, मम्मी, पापा,तीनों लग गए‌ वार्डन को मनाने में।	1
मम्मी इतनी परेशान थी कि उनकी आँखों में आँसु ही आ गए।	1
उन्होंने देखा है कितनी गंभीर हालत होती है मेरी।	1
मेरी माँ ने तब जाके साँस ली चैन की।	1
तो इस तरह पहले ही दिन को यादगार बना दिया हमने।	1
लड़ने की हिम्मत आ गई है मेरे में, अपने लिए खुद को ठीक करने के लिए। एक मजबूत इंसान बनने के लिए।	1
शिक्षा व हथियार है जिसने उसे आजमाया है वह विजय की राह पर ही चला है।	1
एक राजा लोकप्रियता एवं राज्य उसके क्षेत्र तक सीमित रहता है परंतु एक ज्ञानी व्यक्ति सर्वत्र पूजनीय होता है।	1
उदाहरण के तौर पर देखें तो एक दृश्य है शिक्षा गरीबी या अमीरी से परे है।	1
शिक्षा हमारे लिए न केवल रोजगार के बल्कि सामाजिक कल्याण करने भी कई राह दिखाती है।	1
समाज में कितने भी कुर्कम होते हैं जैसे चोरी लूट पास दंगे प्रसाद इन सब की जड़ अशिक्षित लोग ही होते हैं।	1
जो की पूरे देश के लिए हानिकारक है।	1
परंतु एक व्यक्ति ने अपनी सूझबूझ का परिचय देते हुए उसका सही से इलाज किया और अधिक मुस्कान न होने दिया।	1
देश जितना ज्यादा शिक्षित होता है उतना ही फलता-फुलता है।	1
31 जून 2023 यह वह दिन था जब मे सर्वप्रथम अपने घर से दूर और अपने परिवार से दूर रहने जाने वाला था।	1
कुछ दिनों पहले जब परीक्षा के नतीजे आए और मुझे आईआईटी कानपुर नियुक्त हुआ। तब मेरी खुशी का ठिकाना न था	1
 घर में सभी खुश थे बधाइयोका आदान-प्रदान हो रहा था।	1
जब जाने का दिन आया तो मन में थोड़ा डर उत्साह एवं कई प्रकार की भावनाओं का संचार हो रहा था।	1
घर से दूर होने का डर अपने लक्ष्य को प्राप्त करने की खुशी एवं कॉलेज जीवन के प्रारंभ होने का उत्साह	1
 हालांकि उस समय में पीलिया से क्षतिग्रस्त था।	1
डॉक्टर का कहना था कि ज्यादा भाग दौड़ नहीं करनी है एवं आराम करनी है।	1
परंतु मेरे कॉलेज के पहले दिन में एक कमरे मे आराम करता वा मैंने अपने आप को कभी नहीं सोचा था।	1
कोटा ज रेलवे स्टेशन से कानपुर सेंट्रल तक की रेल का सफर शुरू हुआ ही था कि अचानक मेरे सामने वाली सीट पर कुछ लोग आए और कुछ देर बाद मालूम चला कि वह भी विद्यार्थी हैं।	1
और हमारा एक ही कॉलेज नियुक्त हुआ है।	1
तो मेरे सबसे पहले मित्र उस ट्रेन में ही बन गए 	1
जब उत्साह अधिक हो गया था हमने कॉलेज की तस्वीर तथा अन्य वेबसाइट पर ब्लोग को पढ़ने लगे और कुछ देर बाद सो गए।	1
मेरे माता-पिता ने सोचा कि अभी कुछ समय होटल में रुक जाते हैं फिर देर से कॉलेज चले जाएंगे।	0
मैं थोड़ा उदास हो गया क्योंकि मैं सीघ्र ही कॉलेज देखना चाह रहा था।	1
कुछ देर बाद बारिश रुकी मौसम साफ हुआ और कॉलेज पहुंचते ही मेरे अम्मा बापू की प्रथा की प्रथा के बारे में बताया।	1
फिर भी कागजात देने के बाद मुझे कमरा मिला 	1
वह एक छोटा सा कमरा था।	0
जिसमें दो पलंग एक अलमारी और एक टेबल थी।	1
और सबसे मुलाकात हुई तो अत्यंत आनंद हुआ।	1
ढेर सारी बातें एवं कई सारे कैंपस के नियम कायदों के बारे में सीनियर से पता चला।	1
माता-पिता कुछ देर बाद सामान की खरीदारी के लिए चले गए परंतु मेरा जाने का मन ना था।	1
मैं कॉलेज के दोस्तों के साथ पहले निकल पड़ा 	1
कुछ देर बाद सूरज ढला अंधेरा हुआ।	1
मेन्स का खाना भी स्वादिष्ट लग रहा था।	1
रात होते ही सीनियर्स ने हमारी आपसी ताल मेल एवं परिचय कराने के लिए अनोखे एवं रोचक खेल खिलाए।	1
इसी तरह रात हुई मैं बहुत खुश था	1
 माता-पिता और परिवार से दूर होने का गम था परंतु एक नया परिवार पाने की खुशी भी थी।	1
शिक्षा का अर्थ है औपचारिक माध्यम से ज्ञान का वितरण करना।	1
यहां जिस ज्ञान का वर्णन किया गया है वह रोज- मररा की जिंदगी से प्रेरित सामाजिक ज्ञान भी हो सकता है अथवा किसी एक क्षेत्र के अनुकूल ज्ञान जैसे अभियांत्रिकी ,चिकित्सा आदि हो सकता है ।	1
एक औपचारिक माध्यम के होने से ज्ञान प्रदान करने वाले की सक्षमता पर प्रश्न नहीं उठता।	1
जहां प्राचीन भारत में विश्व प्रसिद्ध नालंदा, तक्शशिला, आदि जैसे अनेक महाविद्यालय शिक्षा के क्षेत्र में भारत की नींव को मजबूत रखने का कार्य करते थे।	1
वहीं दूसरी ओर, आज के युग में भारतीय प्रद्योगिकी संस्थान (आई.आई.टी )जैसे महाविद्यालय विश्व में कुशल व योग्यतापूर्वक छात्रों को शिक्षा देने के लिए जाने जाते हैं ।	1
प्राचीन भारत में शिक्षा गुरु शिष्य परंपरा के माध्यम से प्रदान की जाति थी 	1
छात्र बाल्यकाल से जवानी तक गुरु के आश्रम में रहता व जीवन के अनेक पहलुओं को वैदिक ज्ञान की मदद से समक्षता ।	1
वास्तव में हमारे ग्रंथ जैसे वेद, उपनिशद, पुराण व महाकाव्य जैसे - महाभारत, रामायण, आदि को बचपन से सुनने - समझने की वजह से ही भारत में अनेकों बुद्धीजीवी जन्मे और सभी का अपने क्षेत्र में बहुत योगदान रहा ।	1
आर्यभट्ट , भास्कराचार्य ,तेनाली रामाकृष्ण ,कालिदास आदि इसके प्रसिद्ध उदाहरण हैं।	1
शिक्षा का मानव जीवन पर बहुत बड़ा असर पड़ता है क्योंकि मनुष्य को जीवन देखने व जीने का नया तरीका ,नया पहलू मिल जाता है।	1
इसके विपरीत ,दुनिया के अधिकांश देश अमेरिकी शिक्षा प्रणाली को आंख मूंद कर अपना लेते हैं।	1
इसका असर छात्र की योग्यता पर भी पड़ता है।	1
भारत में जितना महत्व शिक्षा को दिया गया है ,उतना ही महत्व शिक्षक (गुरु) को दिया है ।	1
छात्रों की कुशलता व योग्यता को बढ़ाने हेतु शिक्षकों को युद्धस्तर पर नई तकनीक को शिक्षा प्रणाली में प्रचलन में लाना होगा।	1
आज के युग में जब असामाजिक गतिविधियां चरमसीमा पर हैं, शिक्षा प्रणाली को नवीनिकरण की आवश्यकता है।	1
भारतीय प्रद्योगिकी संस्थान कानपुर, यानि मेरा कॉलेज, अभियांत्रिकी की शिक्षा के लिए पूरे भारत में प्रसिद्ध है।	1
पहले दिन - (2 अगस्त 2023) मुझे अपनी हाजरी लगानी थी ।	1
उसके बाद हमने छात्रावास की भोजन कक्ष में खाना खाया ।	1
भोजन के पश्चात मैं और मेरे माता-पिता व मेरी छोटी बहन महाविद्यालय में भ्रमण के लिए गए ।	1
मैंने अपनी ग्रेजुएशन एक राजकीय कॉलेज से की है।	1
मैं जीवन में अनेक भविष्य के करियर चुन सकता था, परंतु उच्च-शिक्षा या शायद IIT ने भाग्यवश मुझे चुना और एक सेमेस्टर बीत जाने के बावजूद मेरा दाखिला शीतकालीन सत्र में IIT में हुआ।	1
यहाँ आने के पहले व उपरान्त मेरे मन में यह शंका थी की मुझे कैसा 'हॉस्टल', कैसा 'कक्ष - साथी' मिलेगा?	1
परन्तु इश्वर की कृपा एवं अच्छे देख-रेख एवं संयोजको की तत्परता के कारण सब कुछ उच्च- स्तरीय रहा।	1
मैंने सारी कागजी - कार्यवाही की व उसके बाद मेस में भोजन ग्रहण किया।	1
IIT में पहला उन्न मेरे लिए भावपूर्ण था व मन-ही-मन मैंने ईश्वर, अपने माता-पिता, अपने गुरुओं व अन्य साथियों को नमन किया।	1
रात आते-आते मैंने कई साथी बना लिए और हम सभी अपनी-अपनी साईकिलों पे कैंपस भ्रमण को निकले।	1
कुछ अन्य ज़रूरत के सामान खरीदने के उपरान्त मैने विश्राम किया एवं अपने IIT के पहले दिन को समाप्त किया।	1
शिक्षा हमें जीवन के प्रति एक नया नाजरिया देती है।	1
यह भी असत्य है कि एक अच्छा गुरु ही केवल आपको शिक्षित कर सकता है।	1
आज के युग में शिक्षा हमें इस तीव्र गतिमान संसार के साथ ताल-मेल बैठाने में मदद करती है।	1
शिक्षा ही एकमात्र वो अनमोल रत्न है जो आपसे कोई छीन नहीं सकता।	1
साथ ही आप के पास जब कुछ न बचा हो और आप किसी विषम परिस्थिती में हो तो शिक्षा ही केवल आपका साथ देगी।	1
पर्यावनण हमारे आस-पास के वातावरण का शाब्दिक सारांश है।	1
हमारे पर्यावरण का हम पर एवं हमारा, हमारे पर्यावरण पर सीधा प्रभाव रहता है।	1
इसका उदाहरण हम ग्लोबल-वार्मिंग', 'हिम- स्खलन', 'प्रदूषित वायु जनित धुंध' आदि के रूप में देखते हैं।	1
मैं जब भी Cristiano Ronaldo के बचपन से लेकर वर्ल्ड फेमस खिलाड़ी बनने तक के सफर का सोचता हूं तो मुझमें एक नई आग दौड़ पड़ती है	1
Cristiano बचपन से ही बहुत गरीब था 	1
उसके पिता भी एक शराबी थे जिसके चलते इसको अपने परिवार के लिए फुटबॉल खेलने के साथ-साथ कई और काम भी करने पड़ते थे।	1
पर फिर भी उसने फुटबॉल खेलना नहीं छोड़ा 	1
और उसने अपने दिल में छेद की सर्जरी होने के बावजूद खेलना नहीं छोड़ा और अपने passion को फॉलो करते-करते अब इस मुकाम तक पहुंच गया है कि जो मुश्किलें उसने बचपन में सही थी वह अब मुश्किलें दूर-दूर तक नहीं l	1
मुझे Cristiano की एक कही हुई बात काफी अच्छी लगती है कि ‘‘Talent without hard work is Nothing’’ 	1
मुझे juventus club को Cristiano Ronaldo की वजह से सपोर्ट करता था 	1
मुझे उसकी कई यादगार गोश्त याद है , जिनमें से पहला मुझे उसका bicycle goal पसंद है l	1
मेने Cristiano से कई सिख ली है जिससे मुझे मेरे जीवन में कई फायदे हुए 	1
हर व्यक्ति जीवन में अपने अपने पसंदीदा लोगों से सिख लेता है जो कहानी कहि उसे जरुर मदद करती है।	1
वैसे तो मेरे और भी कई पसंदीदा खेल है जैसे- क्रिकेट, बैडमिंटन 	1
मुझे लगता है कि व्यक्ति को जीवन में हर प्रकार के खेल खेलना चाहिए वरना वो व्यक्ति अपने जीवन का एक महत्वपूर्ण हिस्सा को देगा।	1
हमेसे कहीं व्यक्ति बड़े होने के बाद हमारे जीवन का वह पल हमेशा खोजते रहते हैं।	1
अभी मेरी आयु 19 वर्ष हो गई है और अभी मैं अपने करियर की चिंता में लगा हूं 	1
अभी मुझे अपने जीवन के कई लक्ष्य पर काम करना है	1
मुझे अभी कई चीजों से गुजरना पड़ता है जैसे डिप्रेशन 	1
यह स्वाभाविक भी है क्योंकि हर व्यक्ति को अपने करियर की चिंता होती है 	1
पर यही हम पूछे क्या यह सब मेरे 15 वर्ष पूर्व स्वयं को होता ।	1
नहीं अभी और मेरे 15 वर्ष पूर्व में जमीन और आसमान का फर्क है 	1
